{
    "neurons": 112,
    "dropout": 0.3163463338849879,
    "additional_layers": 2,
    "bidirectional": false,
    "l1_reg": 0.0009082222009014795,
    "l2_reg": 0.004672438587177813,
    "learning_rate": 4.23142187287332e-05,
    "epochs": 157,
    "batch_size": 16,
    "train_steps": 30,
    "early_stopping_patience": 8,
    "n_folds": 4
}
